[{
        "name_co": "Dotzha Home Studio",
        "subName_co": "DHS",
        "slogan_co": "** Vibra sin limites **",
        "avatar_co": "https://lh3.googleusercontent.com/pw/AP1GczOstIJvihuIkqrxTiZLn2rqr6mw3Ut4XX6lTlw_QpCXj4p7XoJaTdg2CGkJL-zxnmIBGj0MhC-NH9ymLFoZ8nbGt4GxidL-B92ULpWGBxpOfk2Uogj6=w2400",
        "imgUrl_co": "https://lh3.googleusercontent.com/pw/AP1GczONYgP1fxD4O6IiveO0MOBk-jAJKwdQ9VsWRY5Sd5mgLcfjRRBC8VwrVzKXjEFEy46F2GMjvLc6BDAToVtkW14n5dCiBRlG5Mi1VYKr1mI1CKocbT6I=w2400",
        "desc_co": "Estudio de grabación que colabora con artistas locales y regionales para apoyarlos e introducirlos al mundo musical.",
        "redirect":"https://www.youtube.com/@DotzhaHomeStudio?sub_confirmation=1"
    },
    {
        "name_co": "Tatis",
        "subName_co": "Tatis",
        "slogan_co": "Sabor desde el corazón",
        "avatar_co": "https://lh3.googleusercontent.com/pw/AP1GczMoZVvR9DKyl42SBhzPbr5oVlZsTBJNGGZulOO2p_hCXVu7oP3aZMXMP0gTVjYdtW4gfofjb0NIn0yz4xANQOxPdqw8Td_rG5ZoJDIXg42HCGzhsUoQ=w2400",
        "imgUrl_co": "https://lh3.googleusercontent.com/pw/AP1GczMXL-zvVBlJfvQeNWissb3fiwfpQeAWnRpJV6-k7Bpxz1ye8smAGRyXwQMdTnogO0I_zLTDIG7qLdCBZYWPn-l8Md1eLhhOncHvYOz9Sudifr3TWjsz=w2400",
        "desc_co": "Helados elaborados con los mejores ingredientes, ideados para enamorarte desde el primer instante. Calidad, sabor y pasión en cada bocado",
        "redirect":"https://www.tiktok.com/@tatis_paleteria?_t=ZS-8ygXLsHRifn&_r=1"
    },    
    {
        "name_co": "Dotzha Ebanisteria",
        "subName_co": "Dotzha Ebanisteria",
        "slogan_co": "Calidad y elegancia",
        "avatar_co": "https://lh3.googleusercontent.com/pw/AP1GczNTxAGCc_ZVYBuT1200L8C5e03TcFutcDDetJS3QrXxV6UHxgEDfQhUpv6uMYtpFtFTcxiTWSszi-TcsyJmpXFlplY_PfA7Qp5-2U9oIp6HwLYzBPNR=w2400",
        "imgUrl_co": "https://lh3.googleusercontent.com/pw/AP1GczMVShoD6bO3P9SS1tLFOsbCR7zFrWkpMKDijyTBQMuBqu0xm1jYiGtKVXhsFK6vZ7Fww4qka-YuQmiOWZYVz17V3vSwNrrC0-06zOAjLNoPlacQN1ya=w2400",
        "desc_co": "Diseño y fabricación de muebles de madera. Diseños especiales y de linea",
        "redirect":"https://www.youtube.com/channel/UCfngC4FK7KXZvJIOMCCxxew?sub_confirmation=1"
    },
    {
        "name_co": "Mi Quesito",
        "subName_co": "Mi Quesito",
        "slogan_co": "Artesanal",
        "avatar_co": "https://lh3.googleusercontent.com/pw/AP1GczOuht5az9GVEwuLh1WBu_oNsCguQyd5iR0gCXmtp2-lDuuFR-zFqozoz_z-uoOvRLew1nHWkLlRI8edqKrbcmyiynjS_kkeyZeBDZYaQBZzLCdQM7ct=w2400",
        "imgUrl_co": "https://lh3.googleusercontent.com/pw/AP1GczOgqABVmpl4G8h28Gao6LI-Cvr01fSihcsMksdZS7RYzYZnvb_ZgW8wo00wl5ojXtS9BHFo95tW5cxCwh_bqhn2ga_aOqzpHlXpKSPm-GsfwBAEZ2mL=w2400",
        "desc_co": "Queso artesanal, hecho con tradición y sabor auténtico. Una delicia que tienes que probar.",
        "redirect":""
    },  
    {
        "name_co": "Marttell",
        "subName_co": "Marttell",
        "slogan_co": "Soluciones Integrales TI",
        "avatar_co": "https://lh3.googleusercontent.com/pw/AP1GczOQHNnJD-OhOxd-KQCIS_5pBTPFQS_IQ9p-gASLW61e5ueGZdvOxvw0CyTqSe8fPwsOcani01BhsB2Zzxskcf45iDx6oYFtJyxg7GFpGKKxeq8RwGXW=w2400",
        "imgUrl_co": "https://lh3.googleusercontent.com/pw/AP1GczMCw7ESmhLL8CUEtkX5g01M6uUTJwX319cgpOHfzWM35TX8M3bs6xrBnKuRnIVF_9HC8MbkHsBsQNdQL_IAsAcY8qw9OPcbj9BvsjJ7ZW5bpe0l0gml=w2400",
        "desc_co": "Ofrecemos soluciones tecnológicas integrales en TI para optimizar procesos, impulsar la innovación y potenciar el crecimiento de tu empresa.",
        "redirect":""
    }
    
]

